{
  "id": "",
  "name": "",
  "font_family": "iconfont",
  "css_prefix_text": "icon-",
  "description": "",
  "glyphs": [
    {
      "icon_id": "1222608",
      "name": "叮当贷-锁",
      "font_class": "dingdangdaisuo",
      "unicode": "e6c6",
      "unicode_decimal": 59078
    },
    {
      "icon_id": "1964583",
      "name": "密码",
      "font_class": "mima",
      "unicode": "e6a6",
      "unicode_decimal": 59046
    },
    {
      "icon_id": "5022863",
      "name": "验证码",
      "font_class": "yanzhengma",
      "unicode": "e623",
      "unicode_decimal": 58915
    },
    {
      "icon_id": "5777521",
      "name": "手机号",
      "font_class": "shoujihao",
      "unicode": "e62b",
      "unicode_decimal": 58923
    },
    {
      "icon_id": "6486526",
      "name": "用户",
      "font_class": "yonghu",
      "unicode": "e607",
      "unicode_decimal": 58887
    },
    {
      "icon_id": "11495009",
      "name": "解锁",
      "font_class": "jiesuo",
      "unicode": "e665",
      "unicode_decimal": 58981
    }
  ]
}
